<?xml version="1.0" encoding="utf-8" ?>
<dwsync>
<file name=".DS_Store" server="bricklayertech.com" local="130204369136589295" remote="130231964400000000" Dst="2" />
<file name="attribute.php" server="bricklayertech.com" local="130204369136589295" remote="130231964400000000" Dst="2" />
<file name="attributes.php" server="bricklayertech.com" local="130205460669855215" remote="130231964400000000" Dst="2" />
<file name="coaches.php" server="bricklayertech.com" local="130204369143489295" remote="130231964400000000" Dst="2" />
<file name="coache.php" server="bricklayertech.com" local="130210699620971772" remote="130231964400000000" Dst="2" />
<file name="game.php" server="bricklayertech.com" local="130204369233709295" remote="130231964400000000" Dst="2" />
<file name="games.php" server="bricklayertech.com" local="130229544953433181" remote="130231964400000000" Dst="2" />
<file name="index.html" server="bricklayertech.com" local="130204369240539295" remote="130231964400000000" Dst="2" />
<file name="league.php" server="bricklayertech.com" local="130204369240549295" remote="130231964400000000" Dst="2" />
<file name="leagues.php" server="bricklayertech.com" local="130204369240619295" remote="130231964400000000" Dst="2" />
<file name="player.php" server="bricklayertech.com" local="130210698553871772" remote="130231964400000000" Dst="2" />
<file name="players.php" server="bricklayertech.com" local="130204369246589295" remote="130231964400000000" Dst="2" />
<file name="position.php" server="bricklayertech.com" local="130204369246639295" remote="130231964400000000" Dst="2" />
<file name="positions.php" server="bricklayertech.com" local="130204369252599295" remote="130231964400000000" Dst="2" />
<file name="season.php" server="bricklayertech.com" local="130204369252689295" remote="130231964400000000" Dst="2" />
<file name="seasons.php" server="bricklayertech.com" local="130204369258699295" remote="130231964400000000" Dst="2" />
<file name="sport.php" server="bricklayertech.com" local="130204369258699295" remote="130231964400000000" Dst="2" />
<file name="sports.php" server="bricklayertech.com" local="130204369258879295" remote="130231964400000000" Dst="2" />
<file name="stat.php" server="bricklayertech.com" local="130210452031667399" remote="130231964400000000" Dst="2" />
<file name="statgeek.php" server="bricklayertech.com" local="130204369264969295" remote="130231964400000000" Dst="2" />
<file name="stats.php" server="bricklayertech.com" local="130204369265029295" remote="130231964400000000" Dst="2" />
<file name="team.php" server="bricklayertech.com" local="130232085070883016" remote="130231977000000000" Dst="2" />
<file name="teams.php" server="bricklayertech.com" local="130228826191161840" remote="130231964400000000" Dst="2" />
<file name="playerstat.php" server="bricklayertech.com" local="130211459755084757" remote="130231964400000000" Dst="2" />
<file name="playerstats.php" server="bricklayertech.com" local="130229668366129367" remote="130231964400000000" Dst="2" />
</dwsync>