<?xml version="1.0" encoding="utf-8" ?>
<dwsync>
<file name="attribute.php" server="bricklayertech.com" local="130205504924501223" remote="130168125600000000" Dst="2" />
<file name="attributes.php" server="bricklayertech.com" local="130205504924511223" remote="130168125600000000" Dst="2" />
<file name="coache.php" server="bricklayertech.com" local="130229573940943181" remote="130229465400000000" Dst="2" />
<file name="coaches.php" server="bricklayertech.com" local="130205504931321223" remote="130168125600000000" Dst="2" />
<file name="game.php" server="bricklayertech.com" local="130205504931331223" remote="130168125600000000" Dst="2" />
<file name="games.php" server="bricklayertech.com" local="130205504931381223" remote="130168125600000000" Dst="2" />
<file name="index.html" server="bricklayertech.com" local="130205504938101223" remote="130168125600000000" Dst="2" />
<file name="league.php" server="bricklayertech.com" local="130229495147165893" remote="130229386800000000" Dst="2" />
<file name="leagues.php" server="bricklayertech.com" local="130205504938141223" remote="130168125600000000" Dst="2" />
<file name="player.php" server="bricklayertech.com" local="130228624714554023" remote="130228516800000000" Dst="2" />
<file name="players.php" server="bricklayertech.com" local="130205504944831223" remote="130168125600000000" Dst="2" />
<file name="position.php" server="bricklayertech.com" local="130205504944911223" remote="130168125600000000" Dst="2" />
<file name="positions.php" server="bricklayertech.com" local="130205504951841223" remote="130168125600000000" Dst="2" />
<file name="season.php" server="bricklayertech.com" local="130205504951851223" remote="130168125600000000" Dst="2" />
<file name="seasons.php" server="bricklayertech.com" local="130205504951921223" remote="130168125600000000" Dst="2" />
<file name="sport.php" server="bricklayertech.com" local="130205504958621223" remote="130168125600000000" Dst="2" />
<file name="sports.php" server="bricklayertech.com" local="130205504958621223" remote="130168125600000000" Dst="2" />
<file name="stat.php" server="bricklayertech.com" local="130205504958671223" remote="130168125600000000" Dst="2" />
<file name="statgeek.php" server="bricklayertech.com" local="130205504965401223" remote="130168125600000000" Dst="2" />
<file name="team.php" server="bricklayertech.com" local="130205509926661223" remote="130205401800000000" Dst="2" />
<file name="stats.php" server="bricklayertech.com" local="130205504965491223" remote="130168125600000000" Dst="2" />
<file name="teams.php" server="bricklayertech.com" local="130228761159894023" remote="130228653000000000" Dst="2" />
</dwsync>