<?xml version="1.0" encoding="utf-8" ?>
<dwsync>
<file name="attribute.php" server="bricklayertech.com" local="130204369291689295" remote="130168125600000000" Dst="2" />
<file name="coache.php" server="bricklayertech.com" local="130204369298539295" remote="130168125600000000" Dst="2" />
<file name="game.php" server="bricklayertech.com" local="130204369298539295" remote="130168125600000000" Dst="2" />
<file name="index.html" server="bricklayertech.com" local="130204369298549295" remote="130168125600000000" Dst="2" />
<file name="league.php" server="bricklayertech.com" local="130204369304659295" remote="130168125600000000" Dst="2" />
<file name="player.php" server="bricklayertech.com" local="130204369304669295" remote="130168125600000000" Dst="2" />
<file name="position.php" server="bricklayertech.com" local="130204369304739295" remote="130168125600000000" Dst="2" />
<file name="season.php" server="bricklayertech.com" local="130204369310689295" remote="130168125600000000" Dst="2" />
<file name="sport.php" server="bricklayertech.com" local="130204369310689295" remote="130168125600000000" Dst="2" />
<file name="stat.php" server="bricklayertech.com" local="130204369310879295" remote="130168125600000000" Dst="2" />
<file name="statgeek.php" server="bricklayertech.com" local="130204369316929295" remote="130168125600000000" Dst="2" />
<file name="team.php" server="bricklayertech.com" local="130204369316929295" remote="130168125600000000" Dst="2" />
<file name="playerstat.php" server="bricklayertech.com" local="130211403104264876" remote="130211295000000000" Dst="2" />
</dwsync>