<?xml version="1.0" encoding="utf-8" ?>
<dwsync>
<file name="index.html" server="bricklayertech.com" local="130204369143489295" remote="130168125600000000" Dst="2" />
<file name="statgeek0.php" server="bricklayertech.com" local="130204369149679295" remote="130168125600000000" Dst="2" />
<file name="statgeek1.php" server="bricklayertech.com" local="130204369149679295" remote="130168125600000000" Dst="2" />
<file name="statgeek10.php" server="bricklayertech.com" local="130204369149769295" remote="130168125600000000" Dst="2" />
<file name="statgeek2.php" server="bricklayertech.com" local="130204369155599295" remote="130168125600000000" Dst="2" />
<file name="statgeek3.php" server="bricklayertech.com" local="130204369155609295" remote="130168125600000000" Dst="2" />
<file name="statgeek4.php" server="bricklayertech.com" local="130204369155679295" remote="130168125600000000" Dst="2" />
<file name="statgeek5.php" server="bricklayertech.com" local="130204369161569295" remote="130168125600000000" Dst="2" />
<file name="statgeek6.php" server="bricklayertech.com" local="130204369161579295" remote="130168125600000000" Dst="2" />
<file name="statgeek7.php" server="bricklayertech.com" local="130204369161669295" remote="130168125600000000" Dst="2" />
<file name="statgeek8.php" server="bricklayertech.com" local="130204369167579295" remote="130168125600000000" Dst="2" />
<file name="statgeek9.php" server="bricklayertech.com" local="130204369167589295" remote="130168125600000000" Dst="2" />
</dwsync>