<?xml version="1.0" encoding="utf-8" ?>
<dwsync>
<file name="attribute.php" server="bricklayertech.com" local="130204369080799295" remote="130231964400000000" Dst="2" />
<file name="attributes.php" server="bricklayertech.com" local="130204369087529295" remote="130231964400000000" Dst="2" />
<file name="coache.php" server="bricklayertech.com" local="130204369087529295" remote="130231964400000000" Dst="2" />
<file name="coaches.php" server="bricklayertech.com" local="130204369087659295" remote="130231964400000000" Dst="2" />
<file name="game.php" server="bricklayertech.com" local="130204369093619295" remote="130231964400000000" Dst="2" />
<file name="games.php" server="bricklayertech.com" local="130204369093619295" remote="130231964400000000" Dst="2" />
<file name="index.html" server="bricklayertech.com" local="130204369093939295" remote="130231964400000000" Dst="2" />
<file name="league.php" server="bricklayertech.com" local="130204369099589295" remote="130231964400000000" Dst="2" />
<file name="leagues.php" server="bricklayertech.com" local="130204369099599295" remote="130231964400000000" Dst="2" />
<file name="player.php" server="bricklayertech.com" local="130204369099679295" remote="130231964400000000" Dst="2" />
<file name="players.php" server="bricklayertech.com" local="130204369105609295" remote="130231964400000000" Dst="2" />
<file name="position.php" server="bricklayertech.com" local="130204369105619295" remote="130231964400000000" Dst="2" />
<file name="positions.php" server="bricklayertech.com" local="130204369105679295" remote="130231964400000000" Dst="2" />
<file name="season.php" server="bricklayertech.com" local="130204369111609295" remote="130231964400000000" Dst="2" />
<file name="seasons.php" server="bricklayertech.com" local="130204369111609295" remote="130231964400000000" Dst="2" />
<file name="sport.php" server="bricklayertech.com" local="130204369111659295" remote="130231964400000000" Dst="2" />
<file name="sports.php" server="bricklayertech.com" local="130204369117649295" remote="130231964400000000" Dst="2" />
<file name="stat.php" server="bricklayertech.com" local="130204369117649295" remote="130231964400000000" Dst="2" />
<file name="statgeek.php" server="bricklayertech.com" local="130204369117819295" remote="130231964400000000" Dst="2" />
<file name="stats.php" server="bricklayertech.com" local="130204369123759295" remote="130231964400000000" Dst="2" />
<file name="team.php" server="bricklayertech.com" local="130204369123769295" remote="130231964400000000" Dst="2" />
<file name="teams.php" server="bricklayertech.com" local="130204369124049295" remote="130231964400000000" Dst="2" />
<file name="playerstats.php" server="bricklayertech.com" local="130211340192788196" remote="130231964400000000" Dst="2" />
<file name="playerstat.php" server="bricklayertech.com" local="130229698922979434" remote="130231964400000000" Dst="2" />
</dwsync>